DATE,AWND,PRCP,SNOW,TAVG,day_of_week,month,holiday,LOAD
2018-01-01,17.67,0.0,0.0,12,0,1,1.0,1719.182033898306
2018-01-02,15.66,0.0,0.0,18,1,1,0.0,1764.7148148148146
2018-01-03,8.28,0.0,0.0,21,2,1,0.0,1699.275172413793
2018-01-04,28.19,0.49,8.0,25,3,1,0.0,1722.843749999999
2018-01-05,25.05,0.0,0.0,15,4,1,0.0,1773.5669966996697
2018-01-06,22.15,0.0,0.0,11,5,1,0.0,1761.8200000000006
2018-01-07,13.87,0.0,0.0,9,6,1,0.0,1758.7892617449672
2018-01-08,13.42,0.02,0.0,22,0,1,0.0,1713.7158783783789
2018-01-09,13.42,0.0,0.0,34,1,1,0.0,1601.3882758620698
2018-01-10,4.92,0.0,0.0,32,2,1,0.0,1593.1305555555564
2018-01-11,2.91,0.0,0.0,41,3,1,0.0,1437.460701754386
2018-01-12,16.11,0.45,0.0,47,4,1,0.0,1362.9506711409397
2018-01-13,20.58,0.08,0.0,41,5,1,0.0,1484.3239583333332
2018-01-14,15.66,0.0,0.0,20,6,1,0.0,1615.3500000000004
2018-01-15,11.86,0.0,0.0,22,0,1,1.0,1675.0444444444443
2018-01-16,6.26,0.0,0.0,29,1,1,0.0,1618.5329861111122
2018-01-17,11.41,0.22,0.2,35,2,1,0.0,1583.0515358361786
2018-01-18,14.99,0.0,0.0,26,3,1,0.0,1620.9230508474573
2018-01-19,10.29,0.0,0.0,30,4,1,0.0,1555.9551724137932
2018-01-20,13.42,0.0,0.0,40,5,1,0.0,1395.9725694444442
2018-01-21,6.71,0.0,0.0,41,6,1,0.0,1354.5604166666674
2018-01-22,5.37,0.0,0.0,44,0,1,0.0,1460.3725694444438
2018-01-23,14.09,0.22,0.0,46,1,1,0.0,1438.450347222222
2018-01-24,17.22,0.0,0.0,42,2,1,0.0,1467.5666666666677
2018-01-25,15.43,0.0,0.0,29,3,1,0.0,1541.9631034482761
2018-01-26,8.5,0.0,0.0,30,4,1,0.0,1511.9034722222223
2018-01-27,11.86,0.0,0.0,38,5,1,0.0,1339.8972413793103
2018-01-28,5.14,0.26,0.0,46,6,1,0.0,1258.8968965517242
2018-01-29,15.21,0.0,0.1,42,0,1,0.0,1366.2041666666662
2018-01-30,15.21,0.1,1.4,33,1,1,0.0,1501.5206896551726
2018-01-31,13.87,0.0,0.0,25,2,1,0.0,1535.9279310344816
2018-02-01,8.28,0.05,0.0,35,3,2,0.0,1488.3537931034475
2018-02-02,20.13,0.21,0.0,33,4,2,0.0,1520.6523972602756
2018-02-03,15.66,0.0,0.0,22,5,2,0.0,1514.2993103448287
2018-02-04,10.29,0.96,0.0,35,6,2,0.0,1457.9508591065287
2018-02-05,15.43,0.0,0.0,38,0,2,0.0,1483.0211604095573
2018-02-06,5.82,0.0,0.0,30,1,2,0.0,1533.182986111111
2018-02-07,12.53,0.84,0.3,33,2,2,0.0,1568.3180555555552
2018-02-08,13.42,0.0,0.0,33,3,2,0.0,1544.1218749999998
2018-02-09,10.07,0.0,0.0,29,4,2,0.0,1565.1310344827577
2018-02-10,4.47,0.27,0.0,41,5,2,0.0,1403.1496527777776
2018-02-11,8.95,1.13,0.0,47,6,2,0.0,1381.1788194444455
2018-02-12,14.76,0.0,0.0,46,0,2,0.0,1412.8684027777788
2018-02-13,9.84,0.0,0.0,32,1,2,0.0,1452.4711805555553
2018-02-14,8.95,0.06,0.0,37,2,2,0.0,1395.1189655172425
2018-02-15,5.82,0.15,0.0,45,3,2,0.0,1364.0319444444444
2018-02-16,13.42,0.11,0.0,51,4,2,0.0,1341.9670068027215
2018-02-17,9.62,0.48,2.2,35,5,2,0.0,1334.5694444444443
2018-02-18,10.74,0.02,0.1,37,6,2,0.0,1322.4737931034479
2018-02-19,8.5,0.01,0.0,39,0,2,1.0,1364.000344827586
2018-02-20,6.93,0.0,0.0,49,1,2,0.0,1287.5291095890402
2018-02-21,8.95,0.03,0.0,51,2,2,0.0,1273.1704861111111
2018-02-22,13.87,0.11,0.0,49,3,2,0.0,1354.7034722222224
2018-02-23,8.95,0.12,0.0,38,4,2,0.0,1405.100340136055
2018-02-24,9.4,0.08,0.0,45,5,2,0.0,1264.7606896551724
2018-02-25,11.63,1.3,0.0,44,6,2,0.0,1301.4270833333333
2018-02-26,8.72,0.0,0.0,45,0,2,0.0,1287.7153061224485
2018-02-27,11.63,0.0,0.0,45,1,2,0.0,1299.674822695035
2018-02-28,8.5,0.0,0.0,43,2,2,0.0,1260.240816326531
2018-03-01,8.72,0.57,0.0,49,3,3,0.0,1240.582068965517
2018-03-02,29.97,2.16,0.0,41,4,3,0.0,1341.2215277777777
2018-03-03,28.41,0.0,0.0,40,5,3,0.0,1260.9576388888895
2018-03-04,21.7,0.0,0.0,41,6,3,0.0,1262.5241379310344
2018-03-05,19.46,0.0,0.1,37,0,3,0.0,1354.8523972602734
2018-03-06,10.29,0.0,0.0,37,1,3,0.0,1287.0802083333328
2018-03-07,18.57,1.02,2.8,36,2,3,0.0,1367.7043918918912
2018-03-08,15.21,0.0,0.0,36,3,3,0.0,1359.2491467576788
2018-03-09,18.79,0.0,0.0,36,4,3,0.0,1340.3482638888888
2018-03-10,16.33,0.0,0.0,36,5,3,0.0,1277.3189655172414
2018-03-11,11.63,0.0,0.0,38,6,3,0.0,1260.430935251798
2018-03-12,13.42,0.03,0.0,38,0,3,0.0,1336.1023972602748
2018-03-13,20.13,0.21,1.2,36,1,3,0.0,1385.6145833333323
2018-03-14,22.59,0.0,0.0,35,2,3,0.0,1384.9586666666676
2018-03-15,19.69,0.0,0.0,38,3,3,0.0,1355.9969178082188
2018-03-16,20.58,0.0,0.0,37,4,3,0.0,1351.4576791808865
2018-03-17,16.55,0.0,0.0,36,5,3,0.0,1303.0051369863008
2018-03-18,13.2,0.0,0.0,36,6,3,0.0,1323.791379310345
2018-03-19,6.93,0.0,0.0,38,0,3,0.0,1364.5947916666673
2018-03-20,11.86,0.03,0.0,34,1,3,0.0,1386.6744827586203
2018-03-21,19.01,0.88,8.4,35,2,3,0.0,1403.5565972222216
2018-03-22,17.67,0.03,0.3,37,3,3,0.0,1333.7461805555547
2018-03-23,12.08,0.0,0.0,41,4,3,0.0,1311.002777777777
2018-03-24,12.97,0.0,0.0,42,5,3,0.0,1231.3182758620696
2018-03-25,13.2,0.0,0.0,40,6,3,0.0,1269.211805555556
2018-03-26,8.95,0.0,0.0,38,0,3,0.0,1296.8506896551723
2018-03-27,6.26,0.0,0.0,36,1,3,0.0,1347.4858620689652
2018-03-28,7.38,0.03,0.0,41,2,3,0.0,1329.8895833333333
2018-03-29,5.59,0.03,0.0,46,3,3,0.0,1335.519310344827
2018-03-30,13.87,0.09,0.0,49,4,3,0.0,1258.4538205980073
2018-03-31,15.88,0.0,0.0,45,5,3,0.0,1145.975593220338
2018-04-01,12.75,0.0,0.0,48,6,4,0.0,1122.0263888888887
2018-04-02,9.4,0.33,3.7,39,0,4,0.0,1250.5030821917815
2018-04-03,8.05,0.14,0.0,39,1,4,0.0,1321.628571428572
2018-04-04,17.45,0.17,0.0,46,2,4,0.0,1280.532191780821
2018-04-05,18.34,0.0,0.0,41,3,4,0.0,1291.2149305555556
2018-04-06,12.08,0.08,0.0,41,4,4,0.0,1344.4221088435354
2018-04-07,12.97,0.0,0.0,44,5,4,0.0,1232.0334482758617
2018-04-08,17.67,0.0,0.0,38,6,4,0.0,1276.8565972222218
2018-04-09,12.53,0.0,0.0,37,0,4,0.0,1302.6788194444446
2018-04-10,10.51,0.01,0.0,42,1,4,0.0,1330.0034722222222
2018-04-11,10.29,0.0,0.0,42,2,4,0.0,1306.9765306122442
2018-04-12,13.87,0.0,0.0,46,3,4,0.0,1310.8793103448274
2018-04-13,12.75,0.0,0.0,56,4,4,0.0,1255.3808219178086
2018-04-14,12.3,0.0,0.0,55,5,4,0.0,1167.6044827586204
2018-04-15,20.36,0.25,0.0,43,6,4,0.0,1290.7753472222216
2018-04-16,24.16,1.53,0.0,47,0,4,0.0,1321.30813559322
2018-04-17,17.9,0.0,0.0,45,1,4,0.0,1271.553951890034
2018-04-18,14.99,0.0,0.0,44,2,4,0.0,1276.1076388888887
2018-04-19,14.09,0.15,0.0,45,3,4,0.0,1275.6965277777772
2018-04-20,18.79,0.0,0.0,43,4,4,0.0,1262.8996551724138
2018-04-21,11.63,0.0,0.0,47,5,4,0.0,1149.1527777777771
2018-04-22,10.51,0.0,0.0,51,6,4,0.0,1100.0410958904117
2018-04-23,8.28,0.0,0.0,50,0,4,0.0,1166.4103448275857
2018-04-24,12.3,0.0,0.0,51,1,4,0.0,1149.3711805555554
2018-04-25,11.63,0.34,0.0,54,2,4,0.0,1197.7463667820075
2018-04-26,12.53,0.04,0.0,58,3,4,0.0,1185.9354948805453
2018-04-27,8.5,0.12,0.0,54,4,4,0.0,1233.2359589041082
2018-04-28,9.62,0.01,0.0,52,5,4,0.0,1094.5150684931514
2018-04-29,14.76,0.13,0.0,54,6,4,0.0,1150.6248299319727
2018-04-30,16.11,0.0,0.0,49,0,4,0.0,1235.864137931034
2018-05-01,10.51,0.0,0.0,58,1,5,0.0,1156.5947916666662
2018-05-02,11.41,0.0,0.0,67,2,5,0.0,1176.095238095239
2018-05-03,11.41,0.0,0.0,70,3,5,0.0,1274.4708333333328
2018-05-04,12.53,0.0,0.0,68,4,5,0.0,1281.3134482758614
2018-05-05,14.32,0.0,0.0,66,5,5,0.0,1047.5431034482758
2018-05-06,7.38,0.0,0.0,60,6,5,0.0,1077.0468749999998
2018-05-07,8.5,0.0,0.0,61,0,5,0.0,1111.596527777778
2018-05-08,6.71,0.0,0.0,58,1,5,0.0,1129.8367697594508
2018-05-09,6.49,0.0,0.0,56,2,5,0.0,1191.7288194444443
2018-05-10,8.28,0.01,0.0,56,3,5,0.0,1168.4392491467574
2018-05-11,11.41,0.0,0.0,65,4,5,0.0,1082.9812499999998
2018-05-12,8.05,0.25,0.0,60,5,5,0.0,1090.3187500000001
2018-05-13,8.05,0.16,0.0,53,6,5,0.0,1019.9118055555552
2018-05-14,7.16,0.12,0.0,55,0,5,0.0,1172.208561643836
2018-05-15,10.96,0.44,0.0,63,1,5,0.0,1247.073913043478
2018-05-16,10.07,0.33,0.0,62,2,5,0.0,1189.2178082191783
2018-05-17,5.37,0.72,0.0,59,3,5,0.0,1235.0575862068972
2018-05-18,12.08,0.0,0.0,61,4,5,0.0,1197.3424137931042
2018-05-19,8.95,0.75,0.0,54,5,5,0.0,1192.632534246576
2018-05-20,12.97,0.0,0.0,67,6,5,0.0,1176.3769491525416
2018-05-21,9.62,0.0,0.0,67,0,5,0.0,1236.3172297297297
2018-05-22,5.59,0.17,0.0,60,1,5,0.0,1275.3384353741496
2018-05-23,8.72,0.2,0.0,66,2,5,0.0,1239.1833333333334
2018-05-24,11.41,0.0,0.0,74,3,5,0.0,1250.7315254237283
2018-05-25,12.75,0.0,0.0,69,4,5,0.0,1367.397602739726
2018-05-26,8.5,0.0,0.0,73,5,5,0.0,1366.8437931034487
2018-05-27,13.42,0.89,0.0,65,6,5,0.0,1256.1067796610184
2018-05-28,7.61,0.0,0.0,57,0,5,1.0,1207.596180555555
2018-05-29,8.05,0.0,0.0,66,1,5,0.0,1437.7528619528618
2018-05-30,8.05,0.0,0.0,64,2,5,0.0,1484.975000000001
2018-05-31,6.71,0.03,0.0,63,3,5,0.0,1475.1137931034482
2018-06-01,4.7,1.18,0.0,67,4,6,0.0,1585.272013651878
2018-06-02,10.07,0.0,0.0,75,5,6,0.0,1427.460884353741
2018-06-03,15.88,0.11,0.0,63,6,6,0.0,1265.7861111111115
2018-06-04,8.5,0.61,0.0,57,0,6,0.0,1305.1345890410958
2018-06-05,9.84,0.0,0.0,64,1,6,0.0,1295.9582191780821
2018-06-06,8.72,0.0,0.0,63,2,6,0.0,1288.1986206896554
2018-06-07,8.95,0.0,0.0,60,3,6,0.0,1334.9732638888886
2018-06-08,9.4,0.0,0.0,65,4,6,0.0,1388.5551369863015
2018-06-09,6.49,0.0,0.0,71,5,6,0.0,1293.855208333333
2018-06-10,6.04,0.02,0.0,68,6,6,0.0,1244.6479452054798
2018-06-11,8.05,0.02,0.0,62,0,6,0.0,1355.0072413793102
2018-06-12,10.51,0.0,0.0,61,1,6,0.0,1395.0120689655178
2018-06-13,11.18,0.04,0.0,65,2,6,0.0,1405.8788927335647
2018-06-14,17.22,0.0,0.0,76,3,6,0.0,1375.570890410959
2018-06-15,12.3,0.0,0.0,71,4,6,0.0,1313.991319444445
2018-06-16,10.07,0.0,0.0,71,5,6,0.0,1312.2993055555546
2018-06-17,8.5,0.0,0.0,74,6,6,0.0,1409.9289655172417
2018-06-18,13.87,0.43,0.0,73,0,6,0.0,1734.8545454545451
2018-06-19,10.07,0.02,0.0,80,1,6,0.0,1645.6172297297303
2018-06-20,8.5,0.01,0.0,73,2,6,0.0,1472.9386206896547
2018-06-21,7.83,0.28,0.0,72,3,6,0.0,1467.9277397260273
2018-06-22,11.18,0.04,0.0,68,4,6,0.0,1423.053082191781
2018-06-23,8.05,0.0,0.0,65,5,6,0.0,1314.0420138888885
2018-06-24,9.62,0.17,0.0,69,6,6,0.0,1327.3450171821305
2018-06-25,11.41,0.0,0.0,75,0,6,0.0,1402.0819444444458
2018-06-26,11.63,0.0,0.0,68,1,6,0.0,1379.894137931035
2018-06-27,12.53,0.02,0.0,69,2,6,0.0,1409.3789655172416
2018-06-28,11.18,0.93,0.0,72,3,6,0.0,1503.9130136986303
2018-06-29,8.95,0.0,0.0,78,4,6,0.0,1628.1182130584193
2018-06-30,6.93,0.0,0.0,82,5,6,0.0,1695.55724137931
2018-07-01,6.71,0.0,0.0,82,6,7,0.0,1893.432758620691
2018-07-02,6.93,0.0,0.0,82,0,7,0.0,2086.5165517241376
2018-07-03,6.49,0.01,0.0,78,1,7,0.0,2009.1329861111105
2018-07-04,6.71,0.0,0.0,79,2,7,1.0,1892.7899328859053
2018-07-05,12.75,0.0,0.0,79,3,7,0.0,1977.732986111109
2018-07-06,13.2,0.11,0.0,78,4,7,0.0,1760.2368055555557
2018-07-07,10.07,0.0,0.0,71,5,7,0.0,1337.7126712328773
2018-07-08,6.71,0.0,0.0,69,6,7,0.0,1431.279861111111
2018-07-09,11.41,0.0,0.0,72,0,7,0.0,1675.783793103448
2018-07-10,9.62,0.0,0.0,77,1,7,0.0,1749.114429530202
2018-07-11,10.07,0.0,0.0,78,2,7,0.0,1621.4663230240549
2018-07-12,7.16,0.0,0.0,74,3,7,0.0,1558.2819727891167
2018-07-13,9.84,0.0,0.0,74,4,7,0.0,1645.9087837837842
2018-07-14,12.08,0.28,0.0,76,5,7,0.0,1625.9680555555556
2018-07-15,9.17,0.6,0.0,75,6,7,0.0,1783.0899305555567
2018-07-16,11.18,0.0,0.0,78,0,7,0.0,1931.5129251700673
2018-07-17,10.51,0.68,0.0,76,1,7,0.0,1794.3982993197271
2018-07-18,12.75,0.0,0.0,76,2,7,0.0,1540.8607638888886
2018-07-19,8.72,0.0,0.0,75,3,7,0.0,1491.3075862068963
2018-07-20,8.5,0.0,0.0,74,4,7,0.0,1595.32925170068
2018-07-21,14.32,0.58,0.0,72,5,7,0.0,1511.896180555556
2018-07-22,19.01,0.93,0.0,73,6,7,0.0,1576.7782758620683
2018-07-23,16.78,0.07,0.0,75,0,7,0.0,1775.3274305555558
2018-07-24,17.22,0.0,0.0,77,1,7,0.0,1847.2779310344836
2018-07-25,15.66,0.3,0.0,76,2,7,0.0,1784.0907534246574
2018-07-26,10.96,0.0,0.0,77,3,7,0.0,1692.5255172413797
2018-07-27,7.61,1.17,0.0,78,4,7,0.0,1650.853
2018-07-28,6.71,0.0,0.0,76,5,7,0.0,1554.1293103448272
2018-07-29,11.41,0.0,0.0,77,6,7,0.0,1442.9520689655171
2018-07-30,6.04,0.02,0.0,75,0,7,0.0,1529.9625000000005
2018-07-31,7.83,0.0,0.0,73,1,7,0.0,1665.333680555556
2018-08-01,15.43,0.02,0.0,78,2,8,0.0,1668.9779661016946
2018-08-02,14.32,0.02,0.0,80,3,8,0.0,1777.4661016949153
2018-08-03,11.18,0.05,0.0,78,4,8,0.0,1653.0671232876718
2018-08-04,10.96,0.17,0.0,77,5,8,0.0,1574.6795221843004
2018-08-05,7.83,0.0,0.0,81,6,8,0.0,1632.8565972222236
2018-08-06,10.74,0.0,0.0,82,0,8,0.0,1897.2880136986294
2018-08-07,12.3,0.74,0.0,80,1,8,0.0,1846.6229166666672
2018-08-08,9.62,0.01,0.0,78,2,8,0.0,1795.7807432432428
2018-08-09,9.62,0.3,0.0,82,3,8,0.0,1764.8388888888896
2018-08-10,8.28,0.0,0.0,80,4,8,0.0,1632.7126712328761
2018-08-11,7.61,0.33,0.0,75,5,8,0.0,1443.5855670103092
2018-08-12,6.49,1.84,0.0,76,6,8,0.0,1488.584693877552
2018-08-13,9.17,0.6,0.0,74,0,8,0.0,1628.3781250000002
2018-08-14,9.62,0.14,0.0,75,1,8,0.0,1696.3486206896555
2018-08-15,11.41,0.0,0.0,78,2,8,0.0,1761.1336805555547
2018-08-16,9.4,0.0,0.0,82,3,8,0.0,1830.0979310344833
2018-08-17,11.41,0.03,0.0,80,4,8,0.0,1732.9558219178089
2018-08-18,10.29,0.14,0.0,79,5,8,0.0,1552.2003472222214
2018-08-19,11.41,0.02,0.0,71,6,8,0.0,1447.2786206896544
2018-08-20,7.16,0.0,0.0,70,0,8,0.0,1516.807586206898
2018-08-21,10.07,0.0,0.0,70,1,8,0.0,1548.6741379310342
2018-08-22,13.2,0.26,0.0,77,2,8,0.0,1594.9013114754089
2018-08-23,11.18,0.01,0.0,74,3,8,0.0,1444.8579861111095
2018-08-24,6.49,0.0,0.0,74,4,8,0.0,1494.4743243243247
2018-08-25,6.49,0.0,0.0,73,5,8,0.0,1453.0000000000007
2018-08-26,11.41,0.0,0.0,73,6,8,0.0,1496.2051020408153
2018-08-27,8.72,0.0,0.0,79,0,8,0.0,1780.1079999999997
2018-08-28,10.29,0.0,0.0,82,1,8,0.0,2009.4053333333325
2018-08-29,9.84,0.0,0.0,84,2,8,0.0,2033.33141891892
2018-08-30,10.51,0.0,0.0,83,3,8,0.0,1766.3130872483216
2018-08-31,13.65,0.0,0.0,76,4,8,0.0,1458.9548611111115
2018-09-01,8.72,0.01,0.0,72,5,9,0.0,1420.2290209790215
2018-09-02,7.38,0.0,0.0,72,6,9,0.0,1517.072260273972
2018-09-03,9.84,0.0,0.0,78,0,9,1.0,1797.052777777778
2018-09-04,6.49,0.0,0.0,83,1,9,0.0,1860.9189655172418
2018-09-05,8.28,0.0,0.0,80,2,9,0.0,1868.7958904109603
2018-09-06,10.51,0.69,0.0,80,3,9,0.0,1892.615624999999
2018-09-07,8.95,0.0,0.0,74,4,9,0.0,1527.101666666666
2018-09-08,12.08,0.04,0.0,69,5,9,0.0,1270.624657534247
2018-09-09,12.53,0.44,0.0,61,6,9,0.0,1208.1510344827589
2018-09-10,14.54,1.25,0.0,60,0,9,0.0,1332.546875
2018-09-11,4.03,0.27,0.0,68,1,9,0.0,1339.244097222222
2018-09-12,3.8,0.04,0.0,74,2,9,0.0,1419.6134020618554
2018-09-13,9.17,0.11,0.0,72,3,9,0.0,1521.3948630136986
2018-09-14,9.17,0.0,0.0,71,4,9,0.0,1536.2756756756758
2018-09-15,5.37,0.0,0.0,71,5,9,0.0,1498.898263888889
2018-09-16,5.37,0.0,0.0,72,6,9,0.0,1568.9847222222215
2018-09-17,8.95,0.0,0.0,72,0,9,0.0,1619.4741610738254
2018-09-18,12.3,0.67,0.0,75,1,9,0.0,1646.4726027397255
2018-09-19,9.84,0.0,0.0,74,2,9,0.0,1480.750000000001
2018-09-20,6.93,0.0,0.0,68,3,9,0.0,1384.5910344827582
2018-09-21,14.76,0.0,0.0,69,4,9,0.0,1404.6572916666669
2018-09-22,12.75,0.0,0.0,72,5,9,0.0,1257.5927586206894
2018-09-23,6.04,0.04,0.0,63,6,9,0.0,1199.969444444445
2018-09-24,13.42,0.0,0.0,63,0,9,0.0,1280.989310344828
2018-09-25,14.99,0.81,0.0,65,1,9,0.0,1334.2773195876277
2018-09-26,13.42,0.36,0.0,73,2,9,0.0,1387.5897260273962
2018-09-27,12.75,0.0,0.0,69,3,9,0.0,1267.978424657534
2018-09-28,10.51,1.26,0.0,62,4,9,0.0,1261.4230508474582
2018-09-29,7.61,0.0,0.0,65,5,9,0.0,1162.4611111111114
2018-09-30,7.61,0.0,0.0,63,6,9,0.0,1166.5751724137938
2018-10-01,10.74,0.0,0.0,68,0,10,0.0,1285.2782312925174
2018-10-02,12.75,0.33,0.0,70,1,10,0.0,1310.9635738831623
2018-10-03,8.72,0.0,0.0,70,2,10,0.0,1269.5031249999995
2018-10-04,7.38,0.04,0.0,67,3,10,0.0,1268.0607638888891
2018-10-05,10.51,0.0,0.0,67,4,10,0.0,1184.2138888888885
2018-10-06,9.62,0.0,0.0,64,5,10,0.0,1184.94375
2018-10-07,7.61,0.0,0.0,71,6,10,0.0,1186.1829861111103
2018-10-08,10.51,0.0,0.0,67,0,10,1.0,1245.8343749999997
2018-10-09,6.71,0.0,0.0,69,1,10,0.0,1314.0273037542668
2018-10-10,8.05,0.0,0.0,70,2,10,0.0,1401.4748322147645
2018-10-11,10.96,1.03,0.0,72,3,10,0.0,1444.003082191781
2018-10-12,18.34,0.77,0.0,64,4,10,0.0,1247.353793103448
2018-10-13,8.5,0.05,0.0,53,5,10,0.0,1180.3923611111113
2018-10-14,6.71,0.0,0.0,53,6,10,0.0,1153.723103448276
2018-10-15,12.53,0.07,0.0,59,0,10,0.0,1313.200342465755
2018-10-16,16.11,0.01,0.0,56,1,10,0.0,1248.271724137931
2018-10-17,18.57,0.0,0.0,55,2,10,0.0,1299.494863013699
2018-10-18,15.21,0.0,0.0,48,3,10,0.0,1309.6057823129265
2018-10-19,13.87,0.0,0.0,50,4,10,0.0,1282.2503424657532
2018-10-20,14.09,0.08,0.0,58,5,10,0.0,1196.7041379310338
2018-10-21,19.69,0.01,0.0,49,6,10,0.0,1218.273448275862
2018-10-22,11.18,0.0,0.0,44,0,10,0.0,1309.799657534246
2018-10-23,11.86,0.0,0.0,54,1,10,0.0,1299.077430555556
2018-10-24,17.0,0.0,0.0,51,2,10,0.0,1316.3755172413803
2018-10-25,13.42,0.0,0.0,47,3,10,0.0,1335.2673611111122
2018-10-26,5.59,0.03,0.0,43,4,10,0.0,1311.0256944444443
2018-10-27,20.58,0.84,0.0,48,5,10,0.0,1302.9440972222226
2018-10-28,11.86,0.05,0.0,50,6,10,0.0,1250.6451388888895
2018-10-29,15.88,0.01,0.0,53,0,10,0.0,1308.5489583333328
2018-10-30,12.3,0.0,0.0,50,1,10,0.0,1316.3836805555552
2018-10-31,9.62,0.0,0.0,51,2,10,0.0,1301.165972222222
2018-11-01,10.51,0.0,0.0,58,3,11,0.0,1306.1621160409554
2018-11-02,20.58,0.06,0.0,63,4,11,0.0,1271.8949324324324
2018-11-03,17.9,0.24,0.0,59,5,11,0.0,1211.3190972222224
2018-11-04,6.93,0.0,0.0,50,6,11,0.0,1205.0345394736842
2018-11-05,12.53,0.27,0.0,49,0,11,0.0,1320.9331034482755
2018-11-06,8.5,0.49,0.0,53,1,11,0.0,1271.9567010309272
2018-11-07,14.99,0.0,0.0,57,2,11,0.0,1220.0508417508418
2018-11-08,10.51,0.0,0.0,53,3,11,0.0,1255.5715753424665
2018-11-09,10.51,0.86,0.0,47,4,11,0.0,1300.9150684931499
2018-11-10,18.12,0.01,0.0,47,5,11,0.0,1204.904137931034
2018-11-11,9.84,0.0,0.0,40,6,11,0.0,1212.9045138888885
2018-11-12,3.8,0.04,0.0,41,0,11,1.0,1278.3293515358368
2018-11-13,14.09,1.16,0.0,48,1,11,0.0,1339.1649305555554
2018-11-14,17.0,0.0,0.0,40,2,11,0.0,1383.879794520548
2018-11-15,15.21,0.89,4.8,33,3,11,0.0,1465.3835616438362
2018-11-16,20.8,0.16,0.0,40,4,11,0.0,1423.2300675675683
2018-11-17,14.32,0.0,0.0,43,5,11,0.0,1313.3166666666657
2018-11-18,6.26,0.0,0.0,42,6,11,0.0,1335.0375426621163
2018-11-19,4.47,0.0,0.0,44,0,11,0.0,1410.7847222222224
2018-11-20,10.74,0.01,0.0,46,1,11,0.0,1417.3395833333318
2018-11-21,18.57,0.0,0.0,41,2,11,0.0,1473.1040816326529
2018-11-22,19.01,0.0,0.0,27,3,11,1.0,1441.6168965517236
2018-11-23,8.28,0.0,0.0,22,4,11,0.0,1461.3053691275172
2018-11-24,8.5,1.2,0.0,36,5,11,0.0,1382.0675862068958
2018-11-25,12.3,1.22,0.0,50,6,11,0.0,1325.7404761904772
2018-11-26,12.3,1.17,0.0,48,0,11,0.0,1387.0881944444448
2018-11-27,20.13,0.0,0.0,44,1,11,0.0,1385.2798611111102
2018-11-28,20.8,0.0,0.0,39,2,11,0.0,1379.8195205479453
2018-11-29,19.01,0.0,0.0,42,3,11,0.0,1370.3263513513514
2018-11-30,4.25,0.02,0.0,39,4,11,0.0,1366.000347222222
2018-12-01,5.59,0.06,0.0,40,5,12,0.0,1308.658965517241
2018-12-02,8.05,0.87,0.0,48,6,12,0.0,1313.3996527777783
2018-12-03,14.09,0.0,0.0,53,0,12,0.0,1312.1815436241611
2018-12-04,16.33,0.0,0.0,42,1,12,0.0,1379.2488215488204
2018-12-05,8.05,0.0,0.0,32,2,12,0.0,1428.5237931034483
2018-12-06,14.76,0.0,0.0,35,3,12,0.0,1457.2824137931034
2018-12-07,15.21,0.0,0.0,37,4,12,0.0,1430.3104166666665
2018-12-08,10.74,0.0,0.0,30,5,12,0.0,1439.086896551724
2018-12-09,4.92,0.0,0.0,31,6,12,0.0,1396.340689655173
2018-12-10,9.84,0.0,0.0,33,0,12,0.0,1417.7068965517246
2018-12-11,7.16,0.0,0.0,33,1,12,0.0,1493.984374999999
2018-12-12,11.41,0.0,0.0,36,2,12,0.0,1463.2006920415226
2018-12-13,9.4,0.09,0.0,35,3,12,0.0,1548.390689655172
2018-12-14,7.61,0.11,0.0,45,4,12,0.0,1451.2826388888889
2018-12-15,10.51,0.15,0.0,49,5,12,0.0,1321.2653979238755
2018-12-16,18.12,1.16,0.0,44,6,12,0.0,1390.261805555555
2018-12-17,18.34,0.0,0.0,41,0,12,0.0,1430.1013793103439
2018-12-18,21.03,0.0,0.0,37,1,12,0.0,1490.5541095890421
2018-12-19,8.5,0.0,0.0,32,2,12,0.0,1481.028082191781
2018-12-20,6.71,0.28,0.0,38,3,12,0.0,1451.3582758620682
2018-12-21,19.01,1.73,0.0,53,4,12,0.0,1360.8210344827592
2018-12-22,20.8,0.02,0.0,48,5,12,0.0,1337.072222222222
2018-12-23,9.62,0.01,0.0,40,6,12,0.0,1358.281379310345
2018-12-24,10.07,0.07,0.0,39,0,12,0.0,1324.6965753424656
2018-12-25,13.42,0.0,0.0,38,1,12,1.0,1251.4302083333341
2018-12-26,10.07,0.0,0.0,37,2,12,0.0,1415.3031249999992
2018-12-27,8.72,0.0,0.0,40,3,12,0.0,1397.299319727891
2018-12-28,13.65,0.98,0.0,46,4,12,0.0,1366.1743150684933
2018-12-29,15.43,0.0,0.0,50,5,12,0.0,1278.650347222222
2018-12-30,5.37,0.0,0.0,37,6,12,0.0,1342.9906249999995
2018-12-31,9.17,1.23,0.0,37,0,12,0.0,1337.7916666666672
2019-01-01,18.34,0.11,0.0,51,1,1,1.0,1224.4665517241374
2019-01-02,8.28,0.0,0.0,38,2,1,0.0,1373.0125850340141
2019-01-03,11.41,0.0,0.0,41,3,1,0.0,1382.4885416666664
2019-01-04,11.63,0.0,0.0,39,4,1,0.0,1314.9365517241374
2019-01-05,11.86,0.4,0.0,44,5,1,0.0,1275.5837931034475
2019-01-06,18.12,0.0,0.0,44,6,1,0.0,1280.5576388888887
2019-01-07,10.51,0.0,0.0,30,0,1,0.0,1463.2850694444428
2019-01-08,7.83,0.17,0.0,40,1,1,0.0,1409.7301369863028
2019-01-09,21.25,0.07,0.0,43,2,1,0.0,1382.5455172413795
2019-01-10,23.94,0.0,0.0,34,3,1,0.0,1435.8034722222217
2019-01-11,19.01,0.0,0.0,28,4,1,0.0,1523.3966442953033
2019-01-12,6.49,0.0,0.0,26,5,1,0.0,1497.446078431373
2019-01-13,10.51,0.0,0.0,29,6,1,0.0,1497.5889655172418
2019-01-14,12.08,0.0,0.0,27,0,1,0.0,1551.366326530612
2019-01-15,6.71,0.0,0.0,29,1,1,0.0,1539.5143835616432
2019-01-16,12.97,0.0,0.0,32,2,1,0.0,1467.0376712328766
2019-01-17,8.05,0.0,0.0,31,3,1,0.0,1513.7452380952393
2019-01-18,7.61,0.04,0.5,33,4,1,0.0,1508.320138888889
2019-01-19,9.62,0.41,0.0,35,5,1,0.0,1511.9407534246584
2019-01-20,19.69,1.23,0.0,38,6,1,0.0,1596.8264406779667
2019-01-21,27.51,0.0,0.0,12,0,1,1.0,1783.0993243243236
2019-01-22,11.41,0.0,0.0,19,1,1,0.0,1728.1205980066445
2019-01-23,13.65,0.0,0.0,34,2,1,0.0,1606.893402777777
2019-01-24,21.25,1.37,0.0,47,3,1,0.0,1476.311805555555
2019-01-25,16.55,0.0,0.0,36,4,1,0.0,1454.0806896551728
2019-01-26,9.4,0.0,0.0,29,5,1,0.0,1457.6945945945947
2019-01-27,14.54,0.0,0.0,37,6,1,0.0,1448.497602739725
2019-01-28,11.18,0.0,0.0,32,0,1,0.0,1502.2896551724125
2019-01-29,10.51,0.21,0.0,31,1,1,0.0,1588.7600000000002
2019-01-30,21.03,0.0,0.2,29,2,1,0.0,1573.9152823920274
2019-01-31,16.55,0.0,0.0,9,3,1,0.0,1720.8019999999997
2019-02-01,9.84,0.0,0.0,16,4,2,0.0,1680.996874999998
2019-02-02,12.3,0.0,0.0,23,5,2,0.0,1569.0208333333321
2019-02-03,7.38,0.0,0.0,35,6,2,0.0,1379.7437499999994
2019-02-04,4.92,0.0,0.0,40,0,2,0.0,1301.1332191780816
2019-02-05,6.04,0.0,0.0,43,1,2,0.0,1294.0931506849313
2019-02-06,10.51,0.5,0.0,42,2,2,0.0,1379.5472222222227
2019-02-07,8.95,0.15,0.0,41,3,2,0.0,1357.1441379310343
2019-02-08,15.21,0.15,0.0,43,4,2,0.0,1330.9020338983057
2019-02-09,21.03,0.0,0.0,31,5,2,0.0,1389.1166666666675
2019-02-10,9.4,0.0,0.0,28,6,2,0.0,1376.480968858132
2019-02-11,6.04,0.0,0.0,33,0,2,0.0,1418.5447916666658
2019-02-12,14.76,0.86,1.2,31,1,2,0.0,1567.5835616438355
2019-02-13,16.55,0.03,0.0,37,2,2,0.0,1459.032423208192
2019-02-14,14.09,0.0,0.0,37,3,2,0.0,1408.938965517242
2019-02-15,16.33,0.0,0.0,43,4,2,0.0,1366.7267123287675
2019-02-16,16.11,0.0,0.0,42,5,2,0.0,1323.114930555555
2019-02-17,9.17,0.04,0.0,31,6,2,0.0,1332.1619863013693
2019-02-18,14.09,0.09,0.0,36,0,2,1.0,1480.2751724137925
2019-02-19,13.65,0.0,0.0,29,1,2,0.0,1522.930555555556
2019-02-20,7.16,0.66,1.8,29,2,2,0.0,1548.4690721649479
2019-02-21,12.53,0.17,0.0,39,3,2,0.0,1415.5551020408163
2019-02-22,12.75,0.0,0.0,43,4,2,0.0,1376.074061433447
2019-02-23,7.38,0.0,0.0,37,5,2,0.0,1319.4145833333328
2019-02-24,15.43,0.9,0.0,42,6,2,0.0,1323.0027397260276
2019-02-25,29.3,0.0,0.0,41,0,2,0.0,1422.1037414965983
2019-02-26,17.67,0.0,0.0,31,1,2,0.0,1482.9620689655164
2019-02-27,8.28,0.0,0.0,26,2,2,0.0,1602.797569444444
2019-02-28,12.08,0.01,0.1,31,3,2,0.0,1558.4548275862069
2019-03-01,9.62,0.03,0.4,31,4,3,0.0,1460.8282758620685
2019-03-02,10.51,0.56,3.2,34,5,3,0.0,1379.8208333333341
2019-03-03,8.05,0.57,1.8,38,6,3,0.0,1316.219444444444
2019-03-04,15.43,0.44,0.7,35,0,3,0.0,1383.3686006825942
2019-03-05,14.09,0.0,0.0,28,1,3,0.0,1469.2186666666662
2019-03-06,17.9,0.0,0.0,24,2,3,0.0,1498.3841216216213
2019-03-07,13.42,0.0,0.0,25,3,3,0.0,1518.7637931034487
2019-03-08,5.82,0.0,0.0,29,4,3,0.0,1455.4806896551734
2019-03-09,7.38,0.0,0.0,38,5,3,0.0,1328.3852739726028
2019-03-10,12.3,0.87,0.0,39,6,3,0.0,1372.0234042553188
2019-03-11,16.78,0.0,0.0,47,0,3,0.0,1361.5177083333338
2019-03-12,18.34,0.0,0.0,41,1,3,0.0,1372.9048611111102
2019-03-13,7.83,0.0,0.0,36,2,3,0.0,1362.678472222222
2019-03-14,12.08,0.0,0.0,44,3,3,0.0,1282.9633561643832
2019-03-15,17.22,0.16,0.0,49,4,3,0.0,1231.0668965517245
2019-03-16,20.8,0.0,0.0,50,5,3,0.0,1236.0263513513505
2019-03-17,13.2,0.0,0.0,39,6,3,0.0,1264.046527777777
2019-03-18,7.83,0.0,0.0,37,0,3,0.0,1292.4469178082184
2019-03-19,9.62,0.0,0.0,39,1,3,0.0,1313.8873720136519
2019-03-20,8.5,0.0,0.0,40,2,3,0.0,1254.5439597315435
2019-03-21,14.32,0.63,0.0,44,3,3,0.0,1304.7937500000016
2019-03-22,22.15,0.59,0.0,45,4,3,0.0,1325.614137931035
2019-03-23,24.61,0.0,0.0,41,5,3,0.0,1272.1989583333323
2019-03-24,12.3,0.0,0.0,45,6,3,0.0,1191.4417808219177
2019-03-25,9.62,0.0,0.0,51,0,3,0.0,1215.5320689655175
2019-03-26,15.21,0.0,0.0,42,1,3,0.0,1256.022222222221
2019-03-27,9.4,0.0,0.0,38,2,3,0.0,1251.8135416666667
2019-03-28,12.53,0.0,0.0,40,3,3,0.0,1273.130689655173
2019-03-29,7.16,0.0,0.0,47,4,3,0.0,1264.2223367697593
2019-03-30,15.43,0.0,0.0,51,5,3,0.0,1146.365277777778
2019-03-31,19.24,0.11,0.0,50,6,3,0.0,1160.9337883959045
2019-04-01,16.78,0.0,0.0,40,0,4,0.0,1253.9767361111117
2019-04-02,11.63,0.05,0.0,40,1,4,0.0,1256.7354166666657
2019-04-03,19.91,0.01,0.0,50,2,4,0.0,1203.0381944444448
2019-04-04,13.2,0.0,0.0,53,3,4,0.0,1219.5017241379308
2019-04-05,10.29,0.23,0.0,42,4,4,0.0,1309.3171140939594
2019-04-06,8.05,0.0,0.0,47,5,4,0.0,1152.480344827586
2019-04-07,10.29,0.0,0.0,54,6,4,0.0,1086.6479591836728
2019-04-08,7.61,0.27,0.0,56,0,4,0.0,1187.8409556313993
2019-04-09,8.5,0.01,0.0,48,1,4,0.0,1161.5260416666665
2019-04-10,14.32,0.0,0.0,51,2,4,0.0,1168.7707070707067
2019-04-11,7.83,0.0,0.0,44,3,4,0.0,1195.1796551724137
2019-04-12,14.09,0.61,0.0,51,4,4,0.0,1159.7093750000004
2019-04-13,10.51,0.36,0.0,57,5,4,0.0,1016.5268707482994
2019-04-14,9.62,0.0,0.0,56,6,4,0.0,1072.970000000001
2019-04-15,24.38,0.52,0.0,56,0,4,0.0,1203.1163265306125
2019-04-16,18.57,0.0,0.0,52,1,4,0.0,1196.201360544218
2019-04-17,9.62,0.0,0.0,53,2,4,0.0,1136.506920415225
2019-04-18,18.34,0.0,0.0,52,3,4,0.0,1198.4136986301367
2019-04-19,21.7,0.02,0.0,58,4,4,0.0,1150.0335616438358
2019-04-20,17.22,0.56,0.0,58,5,4,0.0,1119.9797945205482
2019-04-21,9.62,0.01,0.0,55,6,4,0.0,1042.9469594594593
2019-04-22,10.51,0.48,0.0,55,0,4,0.0,1109.5065517241378
2019-04-23,9.4,0.0,0.0,61,1,4,0.0,1107.239322033899
2019-04-24,12.75,0.03,0.0,63,2,4,0.0,1114.037162162162
2019-04-25,8.28,0.03,0.0,54,3,4,0.0,1086.3708333333343
2019-04-26,13.42,1.11,0.0,54,4,4,0.0,1163.969655172414
2019-04-27,18.34,0.04,0.0,55,5,4,0.0,1124.4834482758615
2019-04-28,9.84,0.01,0.0,50,6,4,0.0,1115.1736111111104
2019-04-29,9.84,0.04,0.0,49,0,4,0.0,1136.3781569965884
2019-04-30,5.14,0.09,0.0,51,1,4,0.0,1191.194237288136
2019-05-01,8.5,0.02,0.0,52,2,5,0.0,1201.9796610169487
2019-05-02,8.95,0.18,0.0,54,3,5,0.0,1198.4783783783778
2019-05-03,5.82,0.21,0.0,52,4,5,0.0,1170.3513888888892
2019-05-04,6.04,0.1,0.0,56,5,5,0.0,1056.9812499999991
2019-05-05,11.41,1.52,0.0,55,6,5,0.0,1076.7500000000011
2019-05-06,9.4,0.01,0.0,56,0,5,0.0,1116.8930795847748
2019-05-07,10.07,0.04,0.0,56,1,5,0.0,1156.069520547945
2019-05-08,8.28,0.0,0.0,60,2,5,0.0,1098.3117241379305
2019-05-09,13.87,0.0,0.0,54,3,5,0.0,1155.873037542662
2019-05-10,13.42,0.01,0.0,58,4,5,0.0,1192.6424137931035
2019-05-11,9.84,0.02,0.0,62,5,5,0.0,1025.5553264604814
2019-05-12,13.87,1.07,0.0,51,6,5,0.0,1108.0144827586214
2019-05-13,10.51,0.65,0.0,46,0,5,0.0,1215.5031250000002
2019-05-14,6.71,0.12,0.0,47,1,5,0.0,1226.7020689655183
2019-05-15,10.51,0.03,0.0,53,2,5,0.0,1144.3085616438354
2019-05-16,8.95,0.05,0.0,60,3,5,0.0,1116.909523809524
2019-05-17,6.71,0.25,0.0,62,4,5,0.0,1141.9582758620686
2019-05-18,10.51,0.0,0.0,64,5,5,0.0,1006.4448275862075
2019-05-19,14.32,0.14,0.0,62,6,5,0.0,1088.9537414965987
2019-05-20,12.08,0.0,0.0,69,0,5,0.0,1249.2027397260272
2019-05-21,20.58,0.0,0.0,68,1,5,0.0,1111.726896551724
2019-05-22,10.29,0.0,0.0,65,2,5,0.0,1115.785069444444
2019-05-23,10.51,0.41,0.0,62,3,5,0.0,1186.720068027212
2019-05-24,18.34,0.0,0.0,69,4,5,0.0,1178.8703448275858
2019-05-25,12.3,0.0,0.0,62,5,5,0.0,1065.3931034482748
2019-05-26,10.07,0.15,0.0,68,6,5,0.0,1110.3793103448272
2019-05-27,10.29,0.0,0.0,73,0,5,1.0,1102.890410958904
2019-05-28,11.41,0.12,0.0,65,1,5,0.0,1188.7574750830563
2019-05-29,8.95,0.43,0.0,64,2,5,0.0,1157.2211805555557
2019-05-30,6.26,1.23,0.0,59,3,5,0.0,1178.0607638888885
2019-05-31,10.07,0.0,0.0,69,4,5,0.0,1190.5820689655159
2019-06-01,6.93,0.0,0.0,68,5,6,0.0,1147.5131944444447
2019-06-02,8.5,0.25,0.0,68,6,6,0.0,1168.0489655172412
2019-06-03,12.97,0.0,0.0,67,0,6,0.0,1154.0993150684935
2019-06-04,12.75,0.0,0.0,62,1,6,0.0,1192.3534246575332
2019-06-05,12.3,0.16,0.0,67,2,6,0.0,1270.3333333333328
2019-06-06,8.5,0.46,0.0,73,3,6,0.0,1298.7656462585026
2019-06-07,6.04,0.0,0.0,71,4,6,0.0,1259.662585034013
2019-06-08,10.29,0.0,0.0,68,5,6,0.0,1154.379655172414
2019-06-09,11.18,0.0,0.0,65,6,6,0.0,1163.4836734693877
2019-06-10,11.63,0.46,0.0,63,0,6,0.0,1287.9633898305078
2019-06-11,16.33,0.2,0.0,70,1,6,0.0,1272.041860465116
2019-06-12,9.84,0.0,0.0,67,2,6,0.0,1221.4630872483217
2019-06-13,10.51,0.64,0.0,62,3,6,0.0,1230.6318493150684
2019-06-14,15.21,0.0,0.0,65,4,6,0.0,1203.263265306124
2019-06-15,14.32,0.0,0.0,68,5,6,0.0,1151.307931034483
2019-06-16,10.51,0.12,0.0,69,6,6,0.0,1192.9138408304505
2019-06-17,5.59,0.0,0.0,71,0,6,0.0,1272.4559027777768
2019-06-18,5.37,1.38,0.0,69,1,6,0.0,1316.409183673469
2019-06-19,7.83,0.03,0.0,67,2,6,0.0,1374.8654485049833
2019-06-20,7.61,0.75,0.0,69,3,6,0.0,1409.0232558139535
2019-06-21,14.32,0.58,0.0,72,4,6,0.0,1285.0237113402068
2019-06-22,14.99,0.0,0.0,73,5,6,0.0,1179.5500000000006
2019-06-23,12.3,0.0,0.0,74,6,6,0.0,1221.0608996539797
2019-06-24,9.62,0.0,0.0,75,0,6,0.0,1383.6332214765096
2019-06-25,6.49,0.21,0.0,73,1,6,0.0,1481.8880398671092
2019-06-26,10.29,0.0,0.0,76,2,6,0.0,1487.5898648648647
2019-06-27,6.49,0.0,0.0,78,3,6,0.0,1500.0739864864863
2019-06-28,5.82,0.0,0.0,79,4,6,0.0,1542.512738853503
2019-06-29,10.51,0.03,0.0,78,5,6,0.0,1511.8439739413677
2019-06-30,16.11,0.06,0.0,78,6,6,0.0,1309.7377483443706
2019-07-01,10.29,0.0,0.0,75,0,7,0.0,1456.973765432099
2019-07-02,8.05,0.03,0.0,78,1,7,0.0,1491.2793413173656
2019-07-03,5.59,0.06,0.0,79,2,7,0.0,1609.8467105263146
2019-07-04,6.04,0.0,0.0,78,3,7,1.0,1586.4700680272103
2019-07-05,7.16,0.0,0.0,76,4,7,0.0,1703.51423611111
2019-07-06,9.4,0.0,0.0,79,5,7,0.0,1693.4920000000004
2019-07-07,9.62,0.0,0.0,78,6,7,0.0,1393.158333333333
2019-07-08,5.82,0.01,0.0,72,0,7,0.0,1467.5148648648658
2019-07-09,9.62,0.0,0.0,76,1,7,0.0,1556.7465277777774
2019-07-10,10.29,0.0,0.0,78,2,7,0.0,1661.2842622950818
2019-07-11,10.74,0.72,0.0,77,3,7,0.0,1718.2383333333332
2019-07-12,12.08,0.0,0.0,79,4,7,0.0,1654.4426174496648
2019-07-13,10.96,0.0,0.0,78,5,7,0.0,1569.2080536912758
2019-07-14,12.08,0.0,0.0,81,6,7,0.0,1600.243581081082
2019-07-15,10.96,0.0,0.0,78,0,7,0.0,1588.5418831168838
2019-07-16,10.74,0.0,0.0,78,1,7,0.0,1722.339032258065
2019-07-17,11.18,0.79,0.0,80,2,7,0.0,1780.9721088435367
2019-07-18,7.38,0.09,0.0,78,3,7,0.0,1704.170418006432
2019-07-19,8.5,0.0,0.0,76,4,7,0.0,1843.5952054794514
2019-07-20,11.41,0.0,0.0,86,5,7,0.0,1923.0779310344835
2019-07-21,11.63,0.03,0.0,89,6,7,0.0,1823.9705479452043
2019-07-22,9.4,1.59,0.0,84,0,7,0.0,1569.7119863013695
2019-07-23,8.5,2.07,0.0,73,1,7,0.0,1486.5650000000007
2019-07-24,7.38,0.0,0.0,73,2,7,0.0,1516.0594684385383
2019-07-25,7.83,0.0,0.0,76,3,7,0.0,1516.7232638888886
2019-07-26,6.71,0.0,0.0,77,4,7,0.0,1590.489655172414
2019-07-27,9.4,0.0,0.0,76,5,7,0.0,1583.0804794520539
2019-07-28,12.3,0.0,0.0,78,6,7,0.0,1675.0668941979513
2019-07-29,10.07,0.0,0.0,81,0,7,0.0,1853.285517241379
2019-07-30,11.41,0.0,0.0,81,1,7,0.0,1887.8123287671224
2019-07-31,7.16,0.0,0.0,78,2,7,0.0,1742.380612244898
2019-08-01,6.93,0.0,0.0,78,3,8,0.0,1620.3670103092786
2019-08-02,7.61,0.0,0.0,77,4,8,0.0,1593.3821917808227
2019-08-03,9.62,0.01,0.0,77,5,8,0.0,1564.5006896551715
2019-08-04,6.49,0.0,0.0,79,6,8,0.0,1492.9538194444453
2019-08-05,7.61,0.0,0.0,76,0,8,0.0,1496.1789655172408
2019-08-06,7.38,0.0,0.0,74,1,8,0.0,1596.6265517241382
2019-08-07,11.41,1.0,0.0,76,2,8,0.0,1671.8698630136978
2019-08-08,10.51,0.0,0.0,75,3,8,0.0,1648.0390572390572
2019-08-09,9.84,0.04,0.0,76,4,8,0.0,1528.1055172413787
2019-08-10,12.53,0.0,0.0,76,5,8,0.0,1343.7396551724137
2019-08-11,9.17,0.0,0.0,73,6,8,0.0,1311.989726027397
2019-08-12,12.08,0.0,0.0,76,0,8,0.0,1535.9767361111114
2019-08-13,7.61,0.07,0.0,75,1,8,0.0,1628.1979310344834
2019-08-14,5.37,0.26,0.0,74,2,8,0.0,1594.280201342282
2019-08-15,8.5,0.0,0.0,73,3,8,0.0,1588.929333333334
2019-08-16,7.83,0.0,0.0,72,4,8,0.0,1568.5833333333348
2019-08-17,6.04,0.0,0.0,77,5,8,0.0,1580.5917241379311
2019-08-18,8.05,0.0,0.0,78,6,8,0.0,1541.71677852349
2019-08-19,8.72,0.15,0.0,78,0,8,0.0,1724.7111111111108
2019-08-20,7.61,0.0,0.0,79,1,8,0.0,1683.1925925925925
2019-08-21,9.84,0.37,0.0,78,2,8,0.0,1650.3579861111116
2019-08-22,10.51,0.79,0.0,80,3,8,0.0,1603.3786206896546
2019-08-23,9.17,0.02,0.0,72,4,8,0.0,1423.8599315068493
2019-08-24,8.72,0.0,0.0,70,5,8,0.0,1274.5900000000004
2019-08-25,13.42,0.0,0.0,69,6,8,0.0,1289.5358361774745
2019-08-26,9.17,0.0,0.0,67,0,8,0.0,1336.8177083333333
2019-08-27,6.93,0.0,0.0,66,1,8,0.0,1350.2390410958913
2019-08-28,6.71,0.45,0.0,69,2,8,0.0,1499.495890410959
2019-08-29,10.96,0.0,0.0,74,3,8,0.0,1451.7280821917793
2019-08-30,10.74,0.0,0.0,74,4,8,0.0,1413.6190972222228
2019-08-31,7.61,0.0,0.0,75,5,8,0.0,1280.8895973154358
2019-09-01,10.51,0.0,0.0,70,6,9,0.0,1239.9041095890416
2019-09-02,9.84,0.64,0.0,71,0,9,1.0,1335.4781250000005
2019-09-03,7.83,0.0,0.0,74,1,9,0.0,1384.0423728813548
2019-09-04,10.51,0.16,0.0,73,2,9,0.0,1427.7385906040263
2019-09-05,7.83,0.0,0.0,71,3,9,0.0,1301.6092409240916
2019-09-06,14.54,0.25,0.0,64,4,9,0.0,1269.4769491525426
2019-09-07,12.53,0.04,0.0,65,5,9,0.0,1198.7583617747443
2019-09-08,7.38,0.0,0.0,69,6,9,0.0,1197.8734693877561
2019-09-09,8.05,0.0,0.0,70,0,9,0.0,1301.4106109324744
2019-09-10,8.95,0.0,0.0,70,1,9,0.0,1357.780136986301
2019-09-11,11.18,0.0,0.0,73,2,9,0.0,1547.6389830508472
2019-09-12,10.29,0.01,0.0,76,3,9,0.0,1373.424315068493
2019-09-13,12.3,0.0,0.0,64,4,9,0.0,1248.5966216216223
2019-09-14,11.86,0.0,0.0,68,5,9,0.0,1240.27827586207
2019-09-15,7.16,0.0,0.0,74,6,9,0.0,1245.9197324414708
2019-09-16,5.14,0.0,0.0,72,0,9,0.0,1306.6659863945567
2019-09-17,8.95,0.0,0.0,69,1,9,0.0,1275.0680555555552
2019-09-18,9.62,0.0,0.0,63,2,9,0.0,1254.702054794521
2019-09-19,6.93,0.0,0.0,58,3,9,0.0,1261.531292517008
2019-09-20,10.07,0.0,0.0,65,4,9,0.0,1254.6571917808217
2019-09-21,6.93,0.0,0.0,70,5,9,0.0,1233.4781249999992
2019-09-22,9.62,0.0,0.0,70,6,9,0.0,1315.2469178082197
2019-09-23,12.3,0.0,0.0,74,0,9,0.0,1541.4483221476507
2019-09-24,13.65,0.0,0.0,74,1,9,0.0,1359.4150684931503
2019-09-25,9.4,0.0,0.0,68,2,9,0.0,1305.0692041522498
2019-09-26,11.86,0.0,0.0,69,3,9,0.0,1343.1090277777778
2019-09-27,8.28,0.0,0.0,66,4,9,0.0,1256.7576791808865
2019-09-28,13.42,0.0,0.0,69,5,9,0.0,1269.9384353741493
2019-09-29,9.62,0.0,0.0,74,6,9,0.0,1209.0762711864404
2019-09-30,10.29,0.0,0.0,66,0,9,0.0,1296.8023489932898
2019-10-01,12.53,0.0,0.0,68,1,10,0.0,1396.6201298701303
2019-10-02,13.65,0.35,0.0,77,2,10,0.0,1397.1057823129254
2019-10-03,12.08,0.32,0.0,60,3,10,0.0,1325.1550173010378
2019-10-04,16.78,0.0,0.0,62,4,10,0.0,1286.1395189003438
2019-10-05,8.5,0.0,0.0,52,5,10,0.0,1200.0506849315068
2019-10-06,15.88,0.0,0.0,63,6,10,0.0,1262.0334470989767
2019-10-07,17.67,0.0,0.0,70,0,10,0.0,1314.5945392491462
2019-10-08,12.97,0.01,0.0,62,1,10,0.0,1204.3778911564616
2019-10-09,16.55,0.64,0.0,57,2,10,0.0,1202.4582758620686
2019-10-10,18.34,0.0,0.0,60,3,10,0.0,1206.9020833333334
2019-10-11,18.57,0.0,0.0,60,4,10,0.0,1229.5727586206906
2019-10-12,8.95,0.0,0.0,59,5,10,0.0,1157.6989655172413
2019-10-13,7.61,0.0,0.0,60,6,10,0.0,1116.437800687285
2019-10-14,7.83,0.0,0.0,62,0,10,1.0,1214.413310580205
2019-10-15,6.49,0.0,0.0,59,1,10,0.0,1226.311986301371
2019-10-16,16.78,1.02,0.0,59,2,10,0.0,1283.6955172413802
2019-10-17,26.4,0.0,0.0,56,3,10,0.0,1253.922408026756
2019-10-18,16.78,0.0,0.0,55,4,10,0.0,1223.1710884353743
2019-10-19,7.61,0.0,0.0,50,5,10,0.0,1096.800342465753
2019-10-20,8.28,0.58,0.0,53,6,10,0.0,1157.6756944444442
2019-10-21,9.17,0.0,0.0,57,0,10,0.0,1191.97972972973
2019-10-22,11.18,0.46,0.0,56,1,10,0.0,1223.3668874172176
2019-10-23,14.09,0.05,0.0,62,2,10,0.0,1171.5516556291398
2019-10-24,9.62,0.0,0.0,57,3,10,0.0,1189.8750841750837
2019-10-25,7.38,0.0,0.0,56,4,10,0.0,1193.6989583333338
2019-10-26,7.83,0.0,0.0,58,5,10,0.0,1080.9045138888878
2019-10-27,14.32,0.9,0.0,60,6,10,0.0,1163.334013605442
2019-10-28,8.5,0.02,0.0,58,0,10,0.0,1167.0299999999995
2019-10-29,7.38,0.07,0.0,56,1,10,0.0,1169.0905263157904
2019-10-30,5.37,0.07,0.0,61,2,10,0.0,1176.0256944444443
2019-10-31,23.04,0.19,0.0,64,3,10,0.0,1219.3405228758174
2019-11-01,19.24,0.05,0.0,56,4,11,0.0,1178.8283333333331
2019-11-02,5.82,0.0,0.0,45,5,11,0.0,1155.8876712328768
2019-11-03,10.74,0.0,0.0,48,6,11,0.0,1155.5766666666657
2019-11-04,9.4,0.0,0.0,48,0,11,0.0,1254.3756849315077
2019-11-05,10.74,0.0,0.0,56,1,11,0.0,1244.9031249999996
2019-11-06,10.51,0.0,0.0,52,2,11,0.0,1222.7093425605535
2019-11-07,12.75,0.02,0.0,52,3,11,0.0,1306.2574829931978
2019-11-08,18.57,0.0,0.0,40,4,11,0.0,1320.9451724137925
2019-11-09,8.95,0.0,0.0,33,5,11,0.0,1276.8665517241388
2019-11-10,10.74,0.0,0.0,44,6,11,0.0,1241.3296551724138
2019-11-11,5.59,0.0,0.0,51,0,11,1.0,1317.5113402061854
2019-11-12,17.22,0.02,0.0,47,1,11,0.0,1421.0625850340134
2019-11-13,14.99,0.0,0.0,28,2,11,0.0,1452.1046666666668
2019-11-14,8.5,0.0,0.0,33,3,11,0.0,1472.343150684931
2019-11-15,10.51,0.0,0.0,43,4,11,0.0,1344.2061016949156
2019-11-16,14.32,0.0,0.0,40,5,11,0.0,1315.5665517241384
2019-11-17,18.34,0.0,0.0,36,6,11,0.0,1353.7684027777773
2019-11-18,11.41,0.46,0.0,40,0,11,0.0,1378.0453287197233
2019-11-19,8.28,0.17,0.0,44,1,11,0.0,1384.7222222222215
2019-11-20,15.21,0.0,0.0,44,2,11,0.0,1366.1204861111114
2019-11-21,8.28,0.0,0.0,44,3,11,0.0,1315.4895270270285
2019-11-22,15.66,0.04,0.0,49,4,11,0.0,1333.0685430463566
2019-11-23,8.72,0.04,0.0,40,5,11,0.0,1266.183666666667
2019-11-24,15.21,0.72,0.0,44,6,11,0.0,1338.6124161073817
2019-11-25,10.29,0.0,0.0,44,0,11,0.0,1313.0551020408166
2019-11-26,6.93,0.0,0.0,47,1,11,0.0,1281.7890410958905
2019-11-27,11.63,0.01,0.0,50,2,11,0.0,1318.7582191780816
2019-11-28,24.16,0.0,0.0,50,3,11,1.0,1229.9074324324324
2019-11-29,16.55,0.0,0.0,37,4,11,0.0,1292.5441379310357
2019-11-30,10.96,0.0,0.0,36,5,11,0.0,1310.0690972222221
2019-12-01,14.32,0.59,0.0,33,6,12,0.0,1440.6472413793101
2019-12-02,17.67,0.37,0.6,38,0,12,0.0,1446.7635416666662
2019-12-03,19.01,0.0,0.2,33,1,12,0.0,1423.2203448275866
2019-12-04,12.08,0.0,0.0,36,2,12,0.0,1426.5853741496596
2019-12-05,17.0,0.0,0.0,39,3,12,0.0,1421.7861111111113
2019-12-06,14.76,0.0,0.0,40,4,12,0.0,1442.839583333333
2019-12-07,14.54,0.0,0.0,38,5,12,0.0,1429.0106896551717
2019-12-08,6.93,0.0,0.0,33,6,12,0.0,1460.3664383561647
2019-12-09,10.96,1.71,0.0,46,0,12,0.0,1411.5456081081072
2019-12-10,11.41,0.09,0.0,53,1,12,0.0,1349.1695205479455
2019-12-11,12.3,0.35,0.9,38,2,12,0.0,1392.826388888889
2019-12-12,9.62,0.0,0.0,31,3,12,0.0,1446.2279569892473
2019-12-13,8.72,1.15,0.0,39,4,12,0.0,1438.946075085323
2019-12-14,13.87,1.62,0.0,53,5,12,0.0,1308.199652777778
2019-12-15,19.69,0.0,0.0,46,6,12,0.0,1318.247569444444
2019-12-16,8.95,0.22,0.0,36,0,12,0.0,1422.9341379310354
2019-12-17,12.97,1.07,0.0,34,1,12,0.0,1494.582770270271
2019-12-18,17.9,0.0,0.2,34,2,12,0.0,1474.9999999999998
2019-12-19,19.24,0.0,0.0,23,3,12,0.0,1617.7277777777783
2019-12-20,12.53,0.0,0.0,27,4,12,0.0,1607.2815068493146
2019-12-21,5.59,0.0,0.0,28,5,12,0.0,1557.741724137931
2019-12-22,10.74,0.0,0.0,35,6,12,0.0,1464.6343537414964
2019-12-23,10.96,0.0,0.0,41,0,12,0.0,1390.6880952380952
2019-12-24,11.18,0.0,0.0,43,1,12,0.0,1294.618055555556
2019-12-25,4.25,0.0,0.0,37,2,12,1.0,1261.147569444445
2019-12-26,8.05,0.0,0.0,38,3,12,0.0,1355.0878787878794
2019-12-27,8.05,0.0,0.0,48,4,12,0.0,1358.1527397260274
2019-12-28,8.5,0.0,0.0,47,5,12,0.0,1279.878125
2019-12-29,6.49,0.36,0.0,41,6,12,0.0,1308.771379310345
2019-12-30,18.79,0.5,0.0,42,0,12,0.0,1380.730392156864
2019-12-31,11.41,0.0,0.0,40,1,12,0.0,1340.607534246576
